{ "stored": [{"id":"1","nome":"{Beginend} (algol)","postazioni":"1","disponibile":"1","data_inizio_prenotazione":"00\/00\/0000","data_fine_prenotazione":"00\/00\/0000","prezzoMezzoGiorno":"15","prezzoGiorno":"25","prezzoMese":"280","cliente":""},{"id":"2","nome":"{forEach} (c#)","postazioni":"1","disponibile":"1","data_inizio_prenotazione":"00\/00\/0000","data_fine_prenotazione":"00\/00\/0000","prezzoMezzoGiorno":"15","prezzoGiorno":"25","prezzoMese":"280","cliente":""},{"id":"3","nome":"{ifElse} (c#)","postazioni":"2","disponibile":"1","data_inizio_prenotazione":"00\/00\/0000","data_fine_prenotazione":"00\/00\/0000","prezzoMezzoGiorno":"20","prezzoGiorno":"35","prezzoMese":"400","cliente":""},{"id":"4","nome":"{performuntil} (cobol)","postazioni":"2","disponibile":"1","data_inizio_prenotazione":"00\/00\/0000","data_fine_prenotazione":"00\/00\/0000","prezzoMezzoGiorno":"20","prezzoGiorno":"35","prezzoMese":"400","cliente":""},{"id":"5","nome":"{SwitchCase} (c#)","postazioni":"3","disponibile":"1","data_inizio_prenotazione":"00\/00\/0000","data_fine_prenotazione":"00\/00\/0000","prezzoMezzoGiorno":"27","prezzoGiorno":"45","prezzoMese":"500","cliente":""},{"id":"6","nome":"{unlessend} (ruby)","postazioni":"3","disponibile":"1","data_inizio_prenotazione":"00\/00\/0000","data_fine_prenotazione":"00\/00\/0000","prezzoMezzoGiorno":"27","prezzoGiorno":"45","prezzoMese":"500","cliente":""},{"id":"7","nome":"{DoWhile} (c#)","postazioni":"8","disponibile":"1","data_inizio_prenotazione":"00\/00\/0000","data_fine_prenotazione":"00\/00\/0000","prezzoMezzoGiorno":"30","prezzoGiorno":"50","prezzoMese":"7","cliente":""},{"id":"8","nome":"Sala Corsi","postazioni":"35","disponibile":"1","data_inizio_prenotazione":"00\/00\/0000","data_fine_prenotazione":"00\/00\/0000","prezzoMezzoGiorno":"70","prezzoGiorno":"120","prezzoMese":"8","cliente":""}] }